entity_id,state,datetime
sensor.buro_temperatur_temperature,19.006897087366667,2024-11-28T23:00:00.000Z
sensor.buro_temperatur_temperature,18.73505958303889,2024-11-29T00:00:00.000Z
sensor.buro_temperatur_temperature,18.50484492122778,2024-11-29T01:00:00.000Z
sensor.buro_temperatur_temperature,18.303428741983335,2024-11-29T02:00:00.000Z
sensor.buro_temperatur_temperature,18.09923405276667,2024-11-29T03:00:00.000Z
sensor.buro_temperatur_temperature,18.05,2024-11-29T03:31:12.513Z
sensor.buro_temperatur_temperature,17.98,2024-11-29T04:01:12.522Z
sensor.buro_temperatur_temperature,17.91,2024-11-29T04:31:12.505Z
sensor.buro_temperatur_temperature,17.82,2024-11-29T05:01:12.405Z
sensor.buro_temperatur_temperature,18.11,2024-11-29T05:31:12.344Z
sensor.buro_temperatur_temperature,18.42,2024-11-29T05:51:53.609Z
sensor.buro_temperatur_temperature,18.53,2024-11-29T06:01:12.303Z
sensor.buro_temperatur_temperature,18.6,2024-11-29T06:31:12.223Z
sensor.buro_temperatur_temperature,18.57,2024-11-29T07:01:12.106Z
sensor.buro_temperatur_temperature,18.51,2024-11-29T07:31:12.057Z
sensor.buro_temperatur_temperature,18.4,2024-11-29T08:01:11.921Z
sensor.buro_temperatur_temperature,18.31,2024-11-29T08:31:11.835Z
sensor.buro_temperatur_temperature,18.62,2024-11-29T08:56:53.080Z
sensor.buro_temperatur_temperature,18.65,2024-11-29T09:01:11.722Z
sensor.buro_temperatur_temperature,18.63,2024-11-29T09:31:11.642Z
sensor.buro_temperatur_temperature,18.73,2024-11-29T10:01:11.559Z
sensor.buro_temperatur_temperature,18.6,2024-11-29T10:31:11.556Z
sensor.buro_temperatur_temperature,18.54,2024-11-29T11:01:11.482Z
sensor.buro_temperatur_temperature,18.51,2024-11-29T11:31:11.460Z
sensor.buro_temperatur_temperature,18.87,2024-11-29T12:01:11.345Z
sensor.buro_temperatur_temperature,18.98,2024-11-29T12:31:11.175Z
sensor.buro_temperatur_temperature,18.87,2024-11-29T13:01:11.124Z
sensor.buro_temperatur_temperature,18.79,2024-11-29T13:31:10.940Z
sensor.buro_temperatur_temperature,18.73,2024-11-29T14:01:10.869Z
sensor.buro_temperatur_temperature,18.74,2024-11-29T14:31:10.642Z
sensor.buro_temperatur_temperature,18.67,2024-11-29T15:01:10.550Z
sensor.buro_temperatur_temperature,18.85,2024-11-29T15:31:10.456Z
sensor.buro_temperatur_temperature,19.27,2024-11-29T15:46:51.885Z
sensor.buro_temperatur_temperature,19.61,2024-11-29T16:01:10.390Z
sensor.buro_temperatur_temperature,19.7,2024-11-29T16:31:10.278Z
sensor.buro_temperatur_temperature,19.38,2024-11-29T17:01:10.240Z
sensor.buro_temperatur_temperature,19.08,2024-11-29T17:31:10.132Z
sensor.buro_temperatur_temperature,18.82,2024-11-29T18:01:10.056Z
sensor.buro_temperatur_temperature,18.59,2024-11-29T18:31:10.082Z
sensor.buro_temperatur_temperature,18.38,2024-11-29T19:01:10.007Z
sensor.buro_temperatur_temperature,18.2,2024-11-29T19:31:09.897Z
sensor.buro_temperatur_temperature,18.03,2024-11-29T20:01:09.886Z
sensor.buro_temperatur_temperature,17.91,2024-11-29T20:31:09.888Z
sensor.buro_temperatur_temperature,17.75,2024-11-29T21:01:09.872Z
sensor.buro_temperatur_temperature,17.63,2024-11-29T21:31:09.752Z
sensor.buro_temperatur_temperature,17.5,2024-11-29T22:01:09.737Z
sensor.buro_temperatur_temperature,17.39,2024-11-29T22:31:09.645Z
sensor.buro_temperatur_temperature,17.33,2024-11-29T23:01:09.553Z
sensor.buro_temperatur_temperature,17.25,2024-11-29T23:31:09.535Z
sensor.buro_temperatur_temperature,17.14,2024-11-30T00:01:09.458Z
sensor.buro_temperatur_temperature,17.04,2024-11-30T00:31:09.406Z
sensor.buro_temperatur_temperature,16.93,2024-11-30T01:01:09.278Z
sensor.buro_temperatur_temperature,16.84,2024-11-30T01:31:09.169Z
sensor.buro_temperatur_temperature,16.72,2024-11-30T02:01:08.987Z
sensor.buro_temperatur_temperature,16.64,2024-11-30T02:31:08.996Z
sensor.buro_temperatur_temperature,16.54,2024-11-30T03:01:08.873Z
sensor.buro_temperatur_temperature,16.44,2024-11-30T03:31:08.842Z
sensor.buro_temperatur_temperature,16.33,2024-11-30T04:01:08.802Z
sensor.buro_temperatur_temperature,16.22,2024-11-30T04:31:08.716Z
sensor.buro_temperatur_temperature,16.19,2024-11-30T05:01:08.662Z
sensor.buro_temperatur_temperature,16.58,2024-11-30T05:21:50.218Z
sensor.buro_temperatur_temperature,16.79,2024-11-30T05:31:08.568Z
sensor.buro_temperatur_temperature,17.14,2024-11-30T05:46:50.105Z
sensor.buro_temperatur_temperature,17.32,2024-11-30T06:01:08.440Z
sensor.buro_temperatur_temperature,17.25,2024-11-30T06:31:08.377Z
sensor.buro_temperatur_temperature,17.33,2024-11-30T07:01:08.311Z
sensor.buro_temperatur_temperature,17.19,2024-11-30T07:31:08.312Z
sensor.buro_temperatur_temperature,17.07,2024-11-30T08:01:08.237Z
sensor.buro_temperatur_temperature,16.98,2024-11-30T08:31:08.154Z
sensor.buro_temperatur_temperature,17.25,2024-11-30T09:01:08.050Z
sensor.buro_temperatur_temperature,17.49,2024-11-30T09:31:08.007Z
sensor.buro_temperatur_temperature,17.54,2024-11-30T10:01:07.801Z
sensor.buro_temperatur_temperature,17.49,2024-11-30T10:31:07.745Z
sensor.buro_temperatur_temperature,17.41,2024-11-30T11:01:07.566Z
sensor.buro_temperatur_temperature,17.38,2024-11-30T11:31:07.511Z
sensor.buro_temperatur_temperature,17.32,2024-11-30T12:01:07.419Z
sensor.buro_temperatur_temperature,17.25,2024-11-30T12:31:07.310Z
sensor.buro_temperatur_temperature,17.19,2024-11-30T13:01:07.254Z
sensor.buro_temperatur_temperature,17.36,2024-11-30T14:01:07.164Z
sensor.buro_temperatur_temperature,17.75,2024-11-30T14:21:48.756Z
sensor.buro_temperatur_temperature,18.03,2024-11-30T14:31:07.075Z
sensor.buro_temperatur_temperature,18.35,2024-11-30T14:41:48.785Z
sensor.buro_temperatur_temperature,18.35,2024-11-30T15:08:21.940Z
sensor.buro_temperatur_temperature,18.35,2024-11-30T15:21:41.440Z
sensor.buro_temperatur_temperature,18.78,2024-11-30T15:31:06.903Z
sensor.buro_temperatur_temperature,19.12,2024-11-30T16:01:06.783Z
sensor.buro_temperatur_temperature,19.19,2024-11-30T16:31:06.684Z
sensor.buro_temperatur_temperature,19.55,2024-11-30T16:46:48.322Z
sensor.buro_temperatur_temperature,19.86,2024-11-30T17:01:06.580Z
sensor.buro_temperatur_temperature,20.18,2024-11-30T17:21:48.277Z
sensor.buro_temperatur_temperature,20.12,2024-11-30T17:31:06.538Z
sensor.buro_temperatur_temperature,20.12,2024-11-30T17:51:10.111Z
sensor.buro_temperatur_temperature,20.4,2024-11-30T18:01:06.418Z
sensor.buro_temperatur_temperature,20.73,2024-11-30T18:31:06.366Z
sensor.buro_temperatur_temperature,21.08,2024-11-30T19:01:06.231Z
sensor.buro_temperatur_temperature,21.33,2024-11-30T19:31:06.091Z
sensor.buro_temperatur_temperature,21.51,2024-11-30T20:01:06.066Z
sensor.buro_temperatur_temperature,21.67,2024-11-30T20:31:05.952Z
sensor.buro_temperatur_temperature,21.81,2024-11-30T21:01:05.895Z
sensor.buro_temperatur_temperature,21.5,2024-11-30T21:21:47.634Z
sensor.buro_temperatur_temperature,21.28,2024-11-30T21:31:05.830Z
sensor.buro_temperatur_temperature,20.91,2024-11-30T21:46:47.642Z
sensor.buro_temperatur_temperature,20.59,2024-11-30T22:01:05.752Z
sensor.buro_temperatur_temperature,20.23,2024-11-30T22:21:47.578Z
sensor.buro_temperatur_temperature,20.15,2024-11-30T22:31:05.808Z
sensor.buro_temperatur_temperature,19.84,2024-11-30T23:01:05.706Z
sensor.buro_temperatur_temperature,19.53,2024-11-30T23:31:05.597Z
sensor.buro_temperatur_temperature,19.33,2024-12-01T00:01:05.564Z
sensor.buro_temperatur_temperature,19.08,2024-12-01T00:31:05.479Z
sensor.buro_temperatur_temperature,19.01,2024-12-01T01:01:05.436Z
sensor.buro_temperatur_temperature,18.82,2024-12-01T01:31:05.286Z
sensor.buro_temperatur_temperature,18.67,2024-12-01T02:01:05.246Z
sensor.buro_temperatur_temperature,18.49,2024-12-01T02:31:05.243Z
sensor.buro_temperatur_temperature,18.43,2024-12-01T03:01:05.133Z
sensor.buro_temperatur_temperature,18.35,2024-12-01T03:31:05.056Z
sensor.buro_temperatur_temperature,18.13,2024-12-01T04:01:04.982Z
sensor.buro_temperatur_temperature,18.17,2024-12-01T04:31:04.921Z
sensor.buro_temperatur_temperature,18,2024-12-01T05:01:04.883Z
sensor.buro_temperatur_temperature,17.88,2024-12-01T05:31:04.737Z
sensor.buro_temperatur_temperature,17.74,2024-12-01T06:01:04.762Z
sensor.buro_temperatur_temperature,17.8,2024-12-01T06:31:05.791Z
sensor.buro_temperatur_temperature,17.72,2024-12-01T07:01:04.681Z
sensor.buro_temperatur_temperature,17.64,2024-12-01T07:31:04.617Z
sensor.buro_temperatur_temperature,17.57,2024-12-01T08:01:04.500Z
sensor.buro_temperatur_temperature,17.59,2024-12-01T08:31:04.375Z
sensor.buro_temperatur_temperature,17.77,2024-12-01T09:01:04.410Z
sensor.buro_temperatur_temperature,17.66,2024-12-01T09:31:04.364Z
sensor.buro_temperatur_temperature,17.5,2024-12-01T10:01:04.306Z
sensor.buro_temperatur_temperature,17.36,2024-12-01T10:31:04.237Z
sensor.buro_temperatur_temperature,17.24,2024-12-01T11:01:04.107Z
sensor.buro_temperatur_temperature,17.14,2024-12-01T11:31:04.038Z
sensor.buro_temperatur_temperature,17.05,2024-12-01T12:01:03.979Z
sensor.buro_temperatur_temperature,17.44,2024-12-01T12:11:45.908Z
sensor.buro_temperatur_temperature,17.78,2024-12-01T12:21:45.818Z
sensor.buro_temperatur_temperature,18.03,2024-12-01T12:31:03.851Z
sensor.buro_temperatur_temperature,18.34,2024-12-01T12:41:45.739Z
sensor.buro_temperatur_temperature,18.62,2024-12-01T13:01:03.825Z
sensor.buro_temperatur_temperature,19.01,2024-12-01T13:31:03.869Z
sensor.buro_temperatur_temperature,19.1,2024-12-01T14:01:03.717Z
sensor.buro_temperatur_temperature,18.92,2024-12-01T14:31:03.641Z
sensor.buro_temperatur_temperature,18.73,2024-12-01T15:01:03.544Z
sensor.buro_temperatur_temperature,18.48,2024-12-01T15:31:03.490Z
sensor.buro_temperatur_temperature,18.29,2024-12-01T16:01:03.449Z
sensor.buro_temperatur_temperature,18.11,2024-12-01T16:31:03.470Z
sensor.buro_temperatur_temperature,18.09,2024-12-01T17:01:03.379Z
sensor.buro_temperatur_temperature,18.49,2024-12-01T17:21:45.375Z
sensor.buro_temperatur_temperature,18.62,2024-12-01T17:31:03.333Z
sensor.buro_temperatur_temperature,18.78,2024-12-01T18:01:03.172Z
sensor.buro_temperatur_temperature,18.67,2024-12-01T18:31:03.065Z
sensor.buro_temperatur_temperature,18.48,2024-12-01T19:01:02.954Z
sensor.buro_temperatur_temperature,18.6,2024-12-01T19:31:02.856Z
sensor.buro_temperatur_temperature,19.02,2024-12-01T19:46:44.891Z
sensor.buro_temperatur_temperature,19.02,2024-12-01T19:49:45.243Z
sensor.buro_temperatur_temperature,19.42,2024-12-01T20:01:02.859Z
sensor.buro_temperatur_temperature,19.81,2024-12-01T20:16:44.938Z
sensor.buro_temperatur_temperature,19.86,2024-12-01T20:31:02.871Z
sensor.buro_temperatur_temperature,19.53,2024-12-01T21:01:02.655Z
sensor.buro_temperatur_temperature,19.21,2024-12-01T21:26:44.637Z
sensor.buro_temperatur_temperature,19.15,2024-12-01T21:31:02.620Z
sensor.buro_temperatur_temperature,18.88,2024-12-01T22:01:02.496Z
sensor.buro_temperatur_temperature,18.74,2024-12-01T22:31:02.538Z
sensor.buro_temperatur_temperature,18.62,2024-12-01T23:01:02.409Z
sensor.buro_temperatur_temperature,18.49,2024-12-01T23:31:02.379Z
sensor.buro_temperatur_temperature,18.37,2024-12-02T00:01:02.310Z
sensor.buro_temperatur_temperature,18.28,2024-12-02T00:31:02.416Z
sensor.buro_temperatur_temperature,18.17,2024-12-02T01:01:02.293Z
sensor.buro_temperatur_temperature,18.11,2024-12-02T01:31:02.197Z
sensor.buro_temperatur_temperature,18.03,2024-12-02T02:01:02.110Z
sensor.buro_temperatur_temperature,17.97,2024-12-02T02:31:02.032Z
sensor.buro_temperatur_temperature,17.91,2024-12-02T03:01:01.891Z
sensor.buro_temperatur_temperature,17.86,2024-12-02T03:31:01.902Z
sensor.buro_temperatur_temperature,17.78,2024-12-02T04:01:01.794Z
sensor.buro_temperatur_temperature,17.74,2024-12-02T04:31:01.809Z
sensor.buro_temperatur_temperature,17.68,2024-12-02T05:01:01.753Z
sensor.buro_temperatur_temperature,17.63,2024-12-02T05:31:01.837Z
sensor.buro_temperatur_temperature,17.57,2024-12-02T06:01:01.594Z
sensor.buro_temperatur_temperature,17.54,2024-12-02T06:31:01.527Z
sensor.buro_temperatur_temperature,17.5,2024-12-02T07:01:01.429Z
sensor.buro_temperatur_temperature,17.59,2024-12-02T07:31:01.333Z
sensor.buro_temperatur_temperature,17.82,2024-12-02T08:01:01.268Z
sensor.buro_temperatur_temperature,17.94,2024-12-02T08:31:01.232Z
sensor.buro_temperatur_temperature,18.11,2024-12-02T09:01:01.133Z
sensor.buro_temperatur_temperature,18.46,2024-12-02T09:26:43.278Z
sensor.buro_temperatur_temperature,18.53,2024-12-02T09:31:01.056Z
sensor.buro_temperatur_temperature,18.96,2024-12-02T09:56:43.184Z
sensor.buro_temperatur_temperature,19.07,2024-12-02T10:01:00.957Z
sensor.buro_temperatur_temperature,19.07,2024-12-02T10:07:00.821Z
sensor.buro_temperatur_temperature,19.44,2024-12-02T10:16:43.217Z
sensor.buro_temperatur_temperature,19.73,2024-12-02T10:31:01.042Z
sensor.buro_temperatur_temperature,19.97,2024-12-02T11:01:01.004Z
sensor.buro_temperatur_temperature,20.07,2024-12-02T11:31:00.900Z
sensor.buro_temperatur_temperature,20.17,2024-12-02T12:01:00.854Z
sensor.buro_temperatur_temperature,20.52,2024-12-02T12:26:43.123Z
sensor.buro_temperatur_temperature,20.57,2024-12-02T12:31:00.883Z
sensor.buro_temperatur_temperature,20.76,2024-12-02T13:01:00.776Z
sensor.buro_temperatur_temperature,20.77,2024-12-02T13:31:00.754Z
sensor.buro_temperatur_temperature,20.59,2024-12-02T14:31:00.747Z
sensor.buro_temperatur_temperature,20.4,2024-12-02T15:01:00.602Z
sensor.buro_temperatur_temperature,20.09,2024-12-02T15:31:00.487Z
sensor.buro_temperatur_temperature,19.82,2024-12-02T16:01:00.441Z
sensor.buro_temperatur_temperature,19.57,2024-12-02T16:31:00.426Z
sensor.buro_temperatur_temperature,19.38,2024-12-02T17:01:00.425Z
sensor.buro_temperatur_temperature,19.21,2024-12-02T17:31:00.289Z
sensor.buro_temperatur_temperature,19.07,2024-12-02T18:01:00.227Z
sensor.buro_temperatur_temperature,18.92,2024-12-02T18:31:00.163Z
sensor.buro_temperatur_temperature,18.79,2024-12-02T19:01:00.049Z
sensor.buro_temperatur_temperature,18.69,2024-12-02T19:31:00.025Z
sensor.buro_temperatur_temperature,18.6,2024-12-02T20:01:00.025Z
sensor.buro_temperatur_temperature,18.49,2024-12-02T20:30:59.972Z
sensor.buro_temperatur_temperature,18.48,2024-12-02T21:00:59.897Z
sensor.buro_temperatur_temperature,18.54,2024-12-02T21:30:59.720Z
sensor.buro_temperatur_temperature,18.51,2024-12-02T22:30:59.686Z
sensor.buro_temperatur_temperature,18.46,2024-12-02T23:00:59.622Z
sensor.buro_temperatur_temperature,18.42,2024-12-02T23:30:59.710Z
sensor.buro_temperatur_temperature,18.35,2024-12-03T00:00:59.534Z
sensor.buro_temperatur_temperature,18.29,2024-12-03T00:30:59.522Z
sensor.buro_temperatur_temperature,18.24,2024-12-03T01:00:59.471Z
sensor.buro_temperatur_temperature,18.2,2024-12-03T01:30:59.441Z
sensor.buro_temperatur_temperature,18.13,2024-12-03T02:00:59.353Z
sensor.buro_temperatur_temperature,18.08,2024-12-03T02:30:59.289Z
sensor.buro_temperatur_temperature,18.02,2024-12-03T03:00:59.209Z
sensor.buro_temperatur_temperature,17.97,2024-12-03T03:30:59.084Z
sensor.buro_temperatur_temperature,17.91,2024-12-03T04:00:59.013Z
sensor.buro_temperatur_temperature,17.88,2024-12-03T04:30:59.014Z
sensor.buro_temperatur_temperature,17.82,2024-12-03T05:00:59.079Z
sensor.buro_temperatur_temperature,17.77,2024-12-03T05:30:58.983Z
sensor.buro_temperatur_temperature,17.74,2024-12-03T06:00:58.944Z
sensor.buro_temperatur_temperature,17.69,2024-12-03T06:30:58.791Z
sensor.buro_temperatur_temperature,17.66,2024-12-03T07:00:58.720Z
sensor.buro_temperatur_temperature,17.75,2024-12-03T07:30:58.637Z
sensor.buro_temperatur_temperature,17.91,2024-12-03T08:00:58.651Z
sensor.buro_temperatur_temperature,18.02,2024-12-03T08:30:58.520Z
sensor.buro_temperatur_temperature,17.69,2024-12-03T08:46:40.976Z
sensor.buro_temperatur_temperature,17.8,2024-12-03T09:00:58.447Z
sensor.buro_temperatur_temperature,17.94,2024-12-03T09:30:58.479Z
sensor.buro_temperatur_temperature,18.14,2024-12-03T10:00:58.443Z
sensor.buro_temperatur_temperature,18.48,2024-12-03T10:16:40.943Z
sensor.buro_temperatur_temperature,18.78,2024-12-03T10:30:58.398Z
sensor.buro_temperatur_temperature,19.21,2024-12-03T10:51:40.864Z
sensor.buro_temperatur_temperature,19.3,2024-12-03T11:00:58.370Z
sensor.buro_temperatur_temperature,19.33,2024-12-03T11:30:58.278Z
sensor.buro_temperatur_temperature,19.51,2024-12-03T12:30:58.143Z
sensor.buro_temperatur_temperature,19.55,2024-12-03T13:00:58.081Z
sensor.buro_temperatur_temperature,19.35,2024-12-03T13:30:58.027Z
sensor.buro_temperatur_temperature,19.33,2024-12-03T14:00:57.982Z
sensor.buro_temperatur_temperature,19.38,2024-12-03T14:30:57.977Z
sensor.buro_temperatur_temperature,19.38,2024-12-03T14:45:43.735Z
sensor.buro_temperatur_temperature,19.68,2024-12-03T15:00:57.856Z
sensor.buro_temperatur_temperature,19.58,2024-12-03T15:30:57.729Z
sensor.buro_temperatur_temperature,19.35,2024-12-03T16:00:57.769Z
sensor.buro_temperatur_temperature,19.13,2024-12-03T16:30:57.621Z
sensor.buro_temperatur_temperature,18.94,2024-12-03T17:00:57.501Z
sensor.buro_temperatur_temperature,18.83,2024-12-03T17:30:57.421Z
sensor.buro_temperatur_temperature,19.22,2024-12-03T17:56:39.892Z
sensor.buro_temperatur_temperature,19.38,2024-12-03T18:00:57.247Z
sensor.buro_temperatur_temperature,19.79,2024-12-03T18:11:39.851Z
sensor.buro_temperatur_temperature,20.15,2024-12-03T18:21:39.915Z
sensor.buro_temperatur_temperature,20.48,2024-12-03T18:30:57.328Z
sensor.buro_temperatur_temperature,20.82,2024-12-03T18:41:39.864Z
sensor.buro_temperatur_temperature,21.14,2024-12-03T18:56:39.905Z
sensor.buro_temperatur_temperature,21.1,2024-12-03T19:00:57.300Z
sensor.buro_temperatur_temperature,20.77,2024-12-03T19:26:39.813Z
sensor.buro_temperatur_temperature,20.71,2024-12-03T19:30:57.193Z
sensor.buro_temperatur_temperature,20.34,2024-12-03T19:56:39.701Z
sensor.buro_temperatur_temperature,20.29,2024-12-03T20:00:57.063Z
sensor.buro_temperatur_temperature,19.97,2024-12-03T20:26:39.654Z
sensor.buro_temperatur_temperature,19.93,2024-12-03T20:30:57.045Z
sensor.buro_temperatur_temperature,19.61,2024-12-03T21:00:57.011Z
sensor.buro_temperatur_temperature,19.38,2024-12-03T21:30:56.964Z
sensor.buro_temperatur_temperature,19.19,2024-12-03T22:00:56.981Z
sensor.buro_temperatur_temperature,19.01,2024-12-03T22:30:56.961Z
sensor.buro_temperatur_temperature,18.87,2024-12-03T23:00:56.875Z
sensor.buro_temperatur_temperature,18.73,2024-12-03T23:30:56.816Z
sensor.buro_temperatur_temperature,18.6,2024-12-04T00:00:56.769Z
sensor.buro_temperatur_temperature,18.48,2024-12-04T00:30:56.649Z
sensor.buro_temperatur_temperature,18.35,2024-12-04T01:00:56.618Z
sensor.buro_temperatur_temperature,18.24,2024-12-04T01:30:56.530Z
sensor.buro_temperatur_temperature,18.13,2024-12-04T02:00:56.409Z
sensor.buro_temperatur_temperature,18,2024-12-04T02:30:56.312Z
sensor.buro_temperatur_temperature,17.89,2024-12-04T03:00:56.176Z
sensor.buro_temperatur_temperature,17.78,2024-12-04T03:30:56.088Z
sensor.buro_temperatur_temperature,17.69,2024-12-04T04:00:56.032Z
sensor.buro_temperatur_temperature,17.61,2024-12-04T04:30:55.976Z
sensor.buro_temperatur_temperature,17.5,2024-12-04T05:00:55.948Z
sensor.buro_temperatur_temperature,17.41,2024-12-04T05:30:55.876Z
sensor.buro_temperatur_temperature,17.3,2024-12-04T06:00:55.764Z
sensor.buro_temperatur_temperature,17.21,2024-12-04T06:30:55.714Z
sensor.buro_temperatur_temperature,17.11,2024-12-04T07:00:55.641Z
sensor.buro_temperatur_temperature,17.04,2024-12-04T07:30:55.606Z
sensor.buro_temperatur_temperature,16.98,2024-12-04T08:00:55.530Z
sensor.buro_temperatur_temperature,16.93,2024-12-04T08:30:55.579Z
sensor.buro_temperatur_temperature,16.88,2024-12-04T09:00:55.574Z
sensor.buro_temperatur_temperature,16.79,2024-12-04T09:30:55.505Z
sensor.buro_temperatur_temperature,16.78,2024-12-04T10:00:55.457Z
sensor.buro_temperatur_temperature,17.24,2024-12-04T10:16:38.194Z
sensor.buro_temperatur_temperature,17.72,2024-12-04T10:26:38.252Z
sensor.buro_temperatur_temperature,17.91,2024-12-04T10:30:55.479Z
sensor.buro_temperatur_temperature,18.28,2024-12-04T10:41:38.229Z
sensor.buro_temperatur_temperature,18.6,2024-12-04T10:51:38.251Z
sensor.buro_temperatur_temperature,18.85,2024-12-04T11:00:55.392Z
sensor.buro_temperatur_temperature,19.18,2024-12-04T11:21:38.224Z
sensor.buro_temperatur_temperature,19.15,2024-12-04T11:30:55.386Z
sensor.buro_temperatur_temperature,18.92,2024-12-04T12:00:55.269Z
sensor.buro_temperatur_temperature,18.63,2024-12-04T12:30:55.087Z
sensor.buro_temperatur_temperature,18.69,2024-12-04T13:00:54.988Z
sensor.buro_temperatur_temperature,18.82,2024-12-04T13:30:54.941Z
sensor.buro_temperatur_temperature,18.59,2024-12-04T14:00:54.884Z
sensor.buro_temperatur_temperature,18.74,2024-12-04T14:30:54.764Z
sensor.buro_temperatur_temperature,19.05,2024-12-04T14:56:37.571Z
sensor.buro_temperatur_temperature,19.07,2024-12-04T15:00:54.706Z
sensor.buro_temperatur_temperature,19.08,2024-12-04T15:30:54.638Z
sensor.buro_temperatur_temperature,19.22,2024-12-04T16:00:54.634Z
sensor.buro_temperatur_temperature,19.53,2024-12-04T16:21:37.499Z
sensor.buro_temperatur_temperature,19.67,2024-12-04T16:30:54.646Z
sensor.buro_temperatur_temperature,19.92,2024-12-04T17:00:54.586Z
sensor.buro_temperatur_temperature,19.68,2024-12-04T17:30:54.539Z
sensor.buro_temperatur_temperature,19.44,2024-12-04T18:00:54.511Z
sensor.buro_temperatur_temperature,19.26,2024-12-04T18:30:54.443Z
sensor.buro_temperatur_temperature,19.08,2024-12-04T19:00:54.339Z
sensor.buro_temperatur_temperature,19.07,2024-12-04T19:30:54.233Z
sensor.buro_temperatur_temperature,18.85,2024-12-04T20:00:54.171Z
sensor.buro_temperatur_temperature,18.67,2024-12-04T20:30:54.118Z
sensor.buro_temperatur_temperature,18.53,2024-12-04T21:00:54.035Z
sensor.buro_temperatur_temperature,18.48,2024-12-04T21:30:53.915Z
sensor.buro_temperatur_temperature,18.35,2024-12-04T22:00:53.814Z
sensor.buro_temperatur_temperature,18.24,2024-12-04T22:30:53.781Z
sensor.buro_temperatur_temperature,18.09,2024-12-04T23:00:53.695Z
sensor.buro_temperatur_temperature,17.94,2024-12-04T23:30:53.561Z
sensor.buro_temperatur_temperature,17.84,2024-12-05T00:00:53.428Z
sensor.buro_temperatur_temperature,17.74,2024-12-05T00:30:53.414Z
sensor.buro_temperatur_temperature,17.63,2024-12-05T01:00:53.360Z
sensor.buro_temperatur_temperature,17.54,2024-12-05T01:30:53.358Z
sensor.buro_temperatur_temperature,17.43,2024-12-05T02:00:53.344Z
sensor.buro_temperatur_temperature,17.33,2024-12-05T02:30:53.375Z
sensor.buro_temperatur_temperature,17.25,2024-12-05T03:00:53.419Z
sensor.buro_temperatur_temperature,17.16,2024-12-05T03:30:53.319Z
sensor.buro_temperatur_temperature,17.09,2024-12-05T04:00:53.152Z
sensor.buro_temperatur_temperature,17,2024-12-05T04:30:53.071Z
sensor.buro_temperatur_temperature,16.93,2024-12-05T05:00:52.984Z
sensor.buro_temperatur_temperature,17.3,2024-12-05T05:26:35.939Z
sensor.buro_temperatur_temperature,17.39,2024-12-05T05:30:52.888Z
sensor.buro_temperatur_temperature,17.74,2024-12-05T05:46:35.952Z
sensor.buro_temperatur_temperature,17.94,2024-12-05T06:00:52.813Z
sensor.buro_temperatur_temperature,17.88,2024-12-05T07:00:52.757Z
sensor.buro_temperatur_temperature,17.78,2024-12-05T07:30:52.609Z
sensor.buro_temperatur_temperature,17.98,2024-12-05T08:00:52.603Z
sensor.buro_temperatur_temperature,18,2024-12-05T08:30:52.629Z
sensor.buro_temperatur_temperature,17.88,2024-12-05T09:00:52.571Z
sensor.buro_temperatur_temperature,17.84,2024-12-05T09:30:52.583Z
sensor.buro_temperatur_temperature,17.8,2024-12-05T10:00:52.690Z
sensor.buro_temperatur_temperature,17.94,2024-12-05T10:30:52.598Z
sensor.buro_temperatur_temperature,18.29,2024-12-05T10:46:35.609Z
sensor.buro_temperatur_temperature,18.62,2024-12-05T11:00:52.504Z
sensor.buro_temperatur_temperature,19.02,2024-12-05T11:16:35.601Z
sensor.buro_temperatur_temperature,19.24,2024-12-05T11:30:52.413Z
sensor.buro_temperatur_temperature,19.33,2024-12-05T12:00:52.269Z
sensor.buro_temperatur_temperature,19.21,2024-12-05T12:30:52.184Z
sensor.buro_temperatur_temperature,19.05,2024-12-05T13:00:52.151Z
sensor.buro_temperatur_temperature,18.85,2024-12-05T13:30:52.166Z
sensor.buro_temperatur_temperature,19.18,2024-12-05T14:00:52.142Z
sensor.buro_temperatur_temperature,19.37,2024-12-05T14:30:52.184Z
sensor.buro_temperatur_temperature,19.4,2024-12-05T15:00:52.131Z
sensor.buro_temperatur_temperature,19.32,2024-12-05T15:30:52.052Z
sensor.buro_temperatur_temperature,19.73,2024-12-05T16:00:52.136Z
sensor.buro_temperatur_temperature,20.09,2024-12-05T16:11:35.217Z
sensor.buro_temperatur_temperature,20.41,2024-12-05T16:16:35.214Z
sensor.buro_temperatur_temperature,20.73,2024-12-05T16:26:35.244Z
sensor.buro_temperatur_temperature,20.84,2024-12-05T16:30:52.059Z
sensor.buro_temperatur_temperature,21.22,2024-12-05T16:41:35.188Z
sensor.buro_temperatur_temperature,21.54,2024-12-05T16:51:35.171Z
sensor.buro_temperatur_temperature,21.67,2024-12-05T17:00:52.040Z
sensor.buro_temperatur_temperature,21.83,2024-12-05T17:30:52.045Z
sensor.buro_temperatur_temperature,22.04,2024-12-05T18:00:51.947Z
sensor.buro_temperatur_temperature,21.98,2024-12-05T19:00:51.837Z
sensor.buro_temperatur_temperature,22.08,2024-12-05T19:30:51.736Z
sensor.buro_temperatur_temperature,22.24,2024-12-05T20:00:51.659Z
sensor.buro_temperatur_temperature,22.58,2024-12-05T20:06:34.797Z
sensor.buro_temperatur_temperature,22.93,2024-12-05T20:26:34.758Z
sensor.buro_temperatur_temperature,23.03,2024-12-05T20:30:51.496Z
sensor.buro_temperatur_temperature,23.34,2024-12-05T20:46:34.623Z
sensor.buro_temperatur_temperature,23.28,2024-12-05T21:00:51.386Z
sensor.buro_temperatur_temperature,23.41,2024-12-05T22:00:51.173Z
sensor.buro_temperatur_temperature,23.26,2024-12-05T22:30:51.059Z
sensor.buro_temperatur_temperature,22.84,2024-12-05T22:51:34.174Z
sensor.buro_temperatur_temperature,22.55,2024-12-05T23:00:50.924Z
sensor.buro_temperatur_temperature,22.15,2024-12-05T23:11:34.183Z
sensor.buro_temperatur_temperature,21.73,2024-12-05T23:26:34.121Z
sensor.buro_temperatur_temperature,21.58,2024-12-05T23:30:50.900Z
sensor.buro_temperatur_temperature,21.22,2024-12-05T23:46:34.064Z
sensor.buro_temperatur_temperature,20.93,2024-12-06T00:00:50.778Z
sensor.buro_temperatur_temperature,20.6,2024-12-06T00:21:33.996Z
sensor.buro_temperatur_temperature,20.48,2024-12-06T00:30:50.746Z
sensor.buro_temperatur_temperature,20.17,2024-12-06T01:00:50.675Z
sensor.buro_temperatur_temperature,19.92,2024-12-06T01:30:50.628Z
sensor.buro_temperatur_temperature,19.7,2024-12-06T02:00:50.590Z
sensor.buro_temperatur_temperature,19.51,2024-12-06T02:30:50.479Z
sensor.buro_temperatur_temperature,19.35,2024-12-06T03:00:50.490Z
sensor.buro_temperatur_temperature,19.21,2024-12-06T03:30:50.456Z
sensor.buro_temperatur_temperature,19.05,2024-12-06T04:00:50.349Z
sensor.buro_temperatur_temperature,18.92,2024-12-06T04:30:50.374Z
sensor.buro_temperatur_temperature,18.79,2024-12-06T05:00:50.302Z
sensor.buro_temperatur_temperature,18.88,2024-12-06T05:30:51.319Z
sensor.buro_temperatur_temperature,19.15,2024-12-06T06:00:50.304Z
sensor.buro_temperatur_temperature,19.18,2024-12-06T06:30:50.139Z
sensor.buro_temperatur_temperature,19.12,2024-12-06T07:00:50.100Z
sensor.buro_temperatur_temperature,19.05,2024-12-06T07:30:50.059Z
sensor.buro_temperatur_temperature,18.9,2024-12-06T08:00:49.970Z
sensor.buro_temperatur_temperature,19.1,2024-12-06T09:00:49.769Z
sensor.buro_temperatur_temperature,19.02,2024-12-06T09:30:49.718Z
sensor.buro_temperatur_temperature,19.05,2024-12-06T10:00:49.573Z
sensor.buro_temperatur_temperature,19.08,2024-12-06T10:30:49.531Z
sensor.buro_temperatur_temperature,18.98,2024-12-06T11:00:49.495Z
sensor.buro_temperatur_temperature,19.24,2024-12-06T11:30:49.413Z
sensor.buro_temperatur_temperature,19.42,2024-12-06T12:00:49.370Z
sensor.buro_temperatur_temperature,19.46,2024-12-06T12:30:49.349Z
sensor.buro_temperatur_temperature,19.33,2024-12-06T13:00:49.276Z
sensor.buro_temperatur_temperature,19.15,2024-12-06T13:30:49.202Z
sensor.buro_temperatur_temperature,18.99,2024-12-06T14:00:49.030Z
sensor.buro_temperatur_temperature,18.9,2024-12-06T14:30:48.930Z
sensor.buro_temperatur_temperature,18.76,2024-12-06T15:00:48.844Z
sensor.buro_temperatur_temperature,18.69,2024-12-06T15:30:48.843Z
sensor.buro_temperatur_temperature,18.79,2024-12-06T16:00:48.671Z
sensor.buro_temperatur_temperature,18.88,2024-12-06T16:30:48.561Z
sensor.buro_temperatur_temperature,19.21,2024-12-06T16:56:31.920Z
sensor.buro_temperatur_temperature,19.24,2024-12-06T17:00:48.448Z
sensor.buro_temperatur_temperature,19.32,2024-12-06T17:30:48.360Z
sensor.buro_temperatur_temperature,19.79,2024-12-06T17:46:31.853Z
sensor.buro_temperatur_temperature,20.11,2024-12-06T17:56:31.809Z
sensor.buro_temperatur_temperature,20.25,2024-12-06T18:00:48.300Z
sensor.buro_temperatur_temperature,20.57,2024-12-06T18:11:31.867Z
sensor.buro_temperatur_temperature,20.91,2024-12-06T18:26:31.794Z
sensor.buro_temperatur_temperature,20.96,2024-12-06T18:30:48.292Z
sensor.buro_temperatur_temperature,21.22,2024-12-06T19:00:48.234Z
sensor.buro_temperatur_temperature,21.53,2024-12-06T19:26:31.715Z
sensor.buro_temperatur_temperature,21.58,2024-12-06T19:30:48.203Z
sensor.buro_temperatur_temperature,21.83,2024-12-06T20:00:48.150Z
sensor.buro_temperatur_temperature,22.17,2024-12-06T20:30:48.013Z
sensor.buro_temperatur_temperature,22.5,2024-12-06T20:56:31.605Z
sensor.buro_temperatur_temperature,22.58,2024-12-06T21:00:48.099Z
sensor.buro_temperatur_temperature,22.86,2024-12-06T21:30:48.098Z
sensor.buro_temperatur_temperature,22.67,2024-12-06T22:00:48.027Z
sensor.buro_temperatur_temperature,22.7,2024-12-06T22:30:47.918Z
sensor.buro_temperatur_temperature,22.77,2024-12-06T23:00:47.768Z
sensor.buro_temperatur_temperature,22.4,2024-12-06T23:30:47.708Z
sensor.buro_temperatur_temperature,22.04,2024-12-06T23:46:31.242Z
sensor.buro_temperatur_temperature,21.78,2024-12-07T00:00:47.714Z
sensor.buro_temperatur_temperature,21.4,2024-12-07T00:21:31.207Z
sensor.buro_temperatur_temperature,21.25,2024-12-07T00:30:47.614Z
sensor.buro_temperatur_temperature,20.9,2024-12-07T00:56:31.169Z
sensor.buro_temperatur_temperature,20.84,2024-12-07T01:00:47.623Z
sensor.buro_temperatur_temperature,20.52,2024-12-07T01:30:47.417Z
sensor.buro_temperatur_temperature,20.23,2024-12-07T02:00:47.516Z
sensor.buro_temperatur_temperature,19.98,2024-12-07T02:30:47.401Z
sensor.buro_temperatur_temperature,19.77,2024-12-07T03:00:47.310Z
sensor.buro_temperatur_temperature,19.55,2024-12-07T03:30:47.251Z
sensor.buro_temperatur_temperature,19.37,2024-12-07T04:00:47.145Z
sensor.buro_temperatur_temperature,19.19,2024-12-07T04:30:47.239Z
sensor.buro_temperatur_temperature,19.02,2024-12-07T05:00:47.138Z
sensor.buro_temperatur_temperature,18.88,2024-12-07T05:30:47.041Z
sensor.buro_temperatur_temperature,18.74,2024-12-07T06:00:47.020Z
sensor.buro_temperatur_temperature,18.6,2024-12-07T06:30:46.970Z
sensor.buro_temperatur_temperature,18.48,2024-12-07T07:00:46.964Z
sensor.buro_temperatur_temperature,18.37,2024-12-07T07:30:47.912Z
sensor.buro_temperatur_temperature,18.28,2024-12-07T08:00:46.919Z
sensor.buro_temperatur_temperature,18.6,2024-12-07T08:30:46.905Z
sensor.buro_temperatur_temperature,18.78,2024-12-07T09:00:46.964Z
sensor.buro_temperatur_temperature,18.69,2024-12-07T09:30:46.980Z
sensor.buro_temperatur_temperature,18.73,2024-12-07T10:00:46.905Z
sensor.buro_temperatur_temperature,18.9,2024-12-07T10:30:46.916Z
sensor.buro_temperatur_temperature,18.94,2024-12-07T11:00:46.867Z
sensor.buro_temperatur_temperature,18.83,2024-12-07T11:30:46.662Z
sensor.buro_temperatur_temperature,18.98,2024-12-07T12:00:46.576Z
sensor.buro_temperatur_temperature,19.01,2024-12-07T12:30:46.410Z
sensor.buro_temperatur_temperature,18.9,2024-12-07T13:00:46.291Z
sensor.buro_temperatur_temperature,18.78,2024-12-07T13:30:46.060Z
sensor.buro_temperatur_temperature,19.18,2024-12-07T13:46:29.755Z
sensor.buro_temperatur_temperature,19.49,2024-12-07T14:00:46.065Z
sensor.buro_temperatur_temperature,19.81,2024-12-07T14:21:29.845Z
sensor.buro_temperatur_temperature,19.84,2024-12-07T14:30:46.148Z
sensor.buro_temperatur_temperature,19.7,2024-12-07T15:00:45.955Z
sensor.buro_temperatur_temperature,19.53,2024-12-07T15:30:45.875Z
sensor.buro_temperatur_temperature,19.82,2024-12-07T16:00:45.789Z
sensor.buro_temperatur_temperature,19.97,2024-12-07T16:30:45.787Z
sensor.buro_temperatur_temperature,19.86,2024-12-07T17:00:45.706Z
sensor.buro_temperatur_temperature,19.77,2024-12-07T17:30:45.614Z
sensor.buro_temperatur_temperature,19.57,2024-12-07T18:00:45.527Z
sensor.buro_temperatur_temperature,19.37,2024-12-07T18:30:45.500Z
sensor.buro_temperatur_temperature,19.19,2024-12-07T19:00:45.410Z
sensor.buro_temperatur_temperature,19.05,2024-12-07T19:30:45.416Z
sensor.buro_temperatur_temperature,18.92,2024-12-07T20:00:45.383Z
sensor.buro_temperatur_temperature,18.78,2024-12-07T20:30:45.287Z
sensor.buro_temperatur_temperature,18.69,2024-12-07T21:00:45.137Z
sensor.buro_temperatur_temperature,18.6,2024-12-07T21:30:45.139Z
sensor.buro_temperatur_temperature,18.49,2024-12-07T22:00:45.079Z
sensor.buro_temperatur_temperature,18.4,2024-12-07T22:30:44.943Z
sensor.buro_temperatur_temperature,18.31,2024-12-07T23:00:44.940Z
sensor.buro_temperatur_temperature,18.24,2024-12-07T23:30:45.003Z
sensor.buro_temperatur_temperature,18.14,2024-12-08T00:00:44.889Z
sensor.buro_temperatur_temperature,18.05,2024-12-08T00:30:44.775Z
sensor.buro_temperatur_temperature,17.98,2024-12-08T01:00:44.754Z
sensor.buro_temperatur_temperature,17.89,2024-12-08T01:30:44.803Z
sensor.buro_temperatur_temperature,17.8,2024-12-08T02:00:44.844Z
sensor.buro_temperatur_temperature,17.72,2024-12-08T02:30:44.770Z
sensor.buro_temperatur_temperature,17.66,2024-12-08T03:00:44.697Z
sensor.buro_temperatur_temperature,17.77,2024-12-08T03:30:44.647Z
sensor.buro_temperatur_temperature,17.78,2024-12-08T04:00:44.538Z
sensor.buro_temperatur_temperature,17.75,2024-12-08T04:30:44.460Z
sensor.buro_temperatur_temperature,17.69,2024-12-08T05:00:44.282Z
sensor.buro_temperatur_temperature,17.64,2024-12-08T05:30:44.300Z
sensor.buro_temperatur_temperature,17.61,2024-12-08T06:00:44.172Z
sensor.buro_temperatur_temperature,17.55,2024-12-08T06:30:44.164Z
sensor.buro_temperatur_temperature,17.46,2024-12-08T07:00:44.136Z
sensor.buro_temperatur_temperature,17.57,2024-12-08T07:30:43.974Z
sensor.buro_temperatur_temperature,17.77,2024-12-08T08:00:43.837Z
sensor.buro_temperatur_temperature,17.89,2024-12-08T08:30:43.731Z
sensor.buro_temperatur_temperature,17.93,2024-12-08T09:00:43.606Z
sensor.buro_temperatur_temperature,18.05,2024-12-08T09:30:43.550Z
sensor.buro_temperatur_temperature,18.08,2024-12-08T10:00:43.566Z
sensor.buro_temperatur_temperature,18.16,2024-12-08T10:30:43.501Z
sensor.buro_temperatur_temperature,18.49,2024-12-08T10:56:27.516Z
sensor.buro_temperatur_temperature,18.54,2024-12-08T11:00:43.574Z
sensor.buro_temperatur_temperature,18.78,2024-12-08T11:30:43.476Z
sensor.buro_temperatur_temperature,18.96,2024-12-08T12:00:43.406Z
sensor.buro_temperatur_temperature,18.92,2024-12-08T13:00:43.124Z
sensor.buro_temperatur_temperature,18.98,2024-12-08T13:30:43.011Z
sensor.buro_temperatur_temperature,18.99,2024-12-08T14:00:42.924Z
sensor.buro_temperatur_temperature,19.72,2024-12-08T14:16:26.923Z
sensor.buro_temperatur_temperature,20.15,2024-12-08T14:26:26.939Z
sensor.buro_temperatur_temperature,20.34,2024-12-08T14:30:42.960Z
sensor.buro_temperatur_temperature,20.65,2024-12-08T14:36:27.006Z
sensor.buro_temperatur_temperature,21.12,2024-12-08T14:46:26.985Z
sensor.buro_temperatur_temperature,21.45,2024-12-08T14:56:26.943Z
sensor.buro_temperatur_temperature,21.56,2024-12-08T15:00:42.919Z
sensor.buro_temperatur_temperature,21.92,2024-12-08T15:30:42.921Z
sensor.buro_temperatur_temperature,22.24,2024-12-08T15:51:26.966Z
sensor.buro_temperatur_temperature,22.31,2024-12-08T16:00:42.888Z
sensor.buro_temperatur_temperature,22.03,2024-12-08T16:30:42.763Z
sensor.buro_temperatur_temperature,21.7,2024-12-08T16:41:26.814Z
sensor.buro_temperatur_temperature,21.31,2024-12-08T16:56:26.774Z
sensor.buro_temperatur_temperature,21.19,2024-12-08T17:00:42.726Z
sensor.buro_temperatur_temperature,20.82,2024-12-08T17:16:26.662Z
sensor.buro_temperatur_temperature,20.51,2024-12-08T17:30:42.557Z
sensor.buro_temperatur_temperature,20.18,2024-12-08T17:51:26.595Z
sensor.buro_temperatur_temperature,20.07,2024-12-08T18:00:42.653Z
sensor.buro_temperatur_temperature,19.82,2024-12-08T18:30:42.574Z
sensor.buro_temperatur_temperature,19.61,2024-12-08T19:00:42.605Z
sensor.buro_temperatur_temperature,19.51,2024-12-08T19:30:42.492Z
sensor.buro_temperatur_temperature,19.35,2024-12-08T20:00:42.381Z
sensor.buro_temperatur_temperature,19.13,2024-12-08T21:00:42.237Z
sensor.buro_temperatur_temperature,18.92,2024-12-08T21:30:42.189Z
sensor.buro_temperatur_temperature,18.73,2024-12-08T22:00:42.133Z
sensor.buro_temperatur_temperature,18.57,2024-12-08T22:30:42.015Z
sensor.buro_temperatur_temperature,18.42,2024-12-08T23:00:41.932Z
sensor.buro_temperatur_temperature,18.28,2024-12-08T23:30:41.754Z
sensor.buro_temperatur_temperature,18.14,2024-12-09T00:00:41.713Z
sensor.buro_temperatur_temperature,18.02,2024-12-09T00:30:41.670Z
sensor.buro_temperatur_temperature,17.91,2024-12-09T01:00:41.566Z
sensor.buro_temperatur_temperature,17.8,2024-12-09T01:30:41.482Z
sensor.buro_temperatur_temperature,17.69,2024-12-09T02:00:41.339Z
sensor.buro_temperatur_temperature,17.59,2024-12-09T02:30:41.215Z
sensor.buro_temperatur_temperature,17.49,2024-12-09T03:00:41.074Z
sensor.buro_temperatur_temperature,17.39,2024-12-09T03:30:40.981Z
sensor.buro_temperatur_temperature,17.3,2024-12-09T04:00:40.864Z
sensor.buro_temperatur_temperature,17.21,2024-12-09T04:30:40.784Z
sensor.buro_temperatur_temperature,17.14,2024-12-09T05:00:40.889Z
sensor.buro_temperatur_temperature,17.07,2024-12-09T05:30:40.858Z
sensor.buro_temperatur_temperature,16.98,2024-12-09T06:00:40.778Z
sensor.buro_temperatur_temperature,16.91,2024-12-09T06:30:40.618Z
sensor.buro_temperatur_temperature,16.84,2024-12-09T07:00:40.607Z
sensor.buro_temperatur_temperature,16.74,2024-12-09T07:30:40.472Z
sensor.buro_temperatur_temperature,16.68,2024-12-09T08:00:40.302Z
sensor.buro_temperatur_temperature,16.64,2024-12-09T08:30:40.210Z
sensor.buro_temperatur_temperature,16.59,2024-12-09T09:00:40.162Z
sensor.buro_temperatur_temperature,16.98,2024-12-09T09:16:24.381Z
sensor.buro_temperatur_temperature,17.43,2024-12-09T09:21:25.406Z
sensor.buro_temperatur_temperature,17.82,2024-12-09T09:26:24.427Z
sensor.buro_temperatur_temperature,18.22,2024-12-09T09:30:40.162Z
sensor.buro_temperatur_temperature,18.6,2024-12-09T09:36:24.394Z
sensor.buro_temperatur_temperature,18.92,2024-12-09T09:41:24.425Z
sensor.buro_temperatur_temperature,19.51,2024-12-09T09:51:24.465Z
sensor.buro_temperatur_temperature,19.82,2024-12-09T10:00:40.128Z
sensor.buro_temperatur_temperature,20.37,2024-12-09T10:11:24.372Z
sensor.buro_temperatur_temperature,20.94,2024-12-09T10:21:24.362Z
sensor.buro_temperatur_temperature,21.31,2024-12-09T10:30:40.125Z
sensor.buro_temperatur_temperature,21.74,2024-12-09T10:41:24.369Z
sensor.buro_temperatur_temperature,22.18,2024-12-09T10:56:24.313Z
sensor.buro_temperatur_temperature,22.35,2024-12-09T11:00:40.031Z
sensor.buro_temperatur_temperature,22.67,2024-12-09T11:21:24.168Z
sensor.buro_temperatur_temperature,22.47,2024-12-09T11:30:39.872Z
sensor.buro_temperatur_temperature,22.13,2024-12-09T11:41:24.139Z
sensor.buro_temperatur_temperature,22.67,2024-12-09T12:00:39.821Z
sensor.buro_temperatur_temperature,22.86,2024-12-09T12:30:39.730Z
